{"2":{"player_unique_id":"Aaron Murray (QB) (KC)_16300","scoring_type":"Passing_3","stats_key":"Two Point Conversion","stats_value":2,"minute":45},"3":{"player_unique_id":"Ben Roethlisberger (QB) (PIT)_3807","scoring_type":"FieldGoal_10","stats_key":"Field Goal < 50 Yards","stats_value":3,"minute":49},"4":{"player_unique_id":"Brandon Brown-dukes (RB) (PIT)_18632","scoring_type":"PuntReturn_8","stats_key":"Special Teams Touchdowns","stats_value":1,"minute":60},"5":{"player_unique_id":"Antonio Brown (WR) (PIT)_11056","scoring_type":"Fumbles_9","stats_key":"Fumbles Lost","stats_value":4,"minute":75},"6":{"player_unique_id":"Brian Parker (TE) (KC)_17121","scoring_type":"FantasyDefense_12","stats_key":"Defensive Touchdowns","stats_value":2,"minute":80},"7":{"player_unique_id":"Xavier Grimble (TE) (PIT)_16395","scoring_type":"Rushing_4","stats_key":"Two Point Conversion","stats_value":1,"minute":90}}