{"3":{"home_id":"Bournemouth (BOU)_t91","away_id":"Arsenal (ARS)_t3","type":"REG","season_scheduled_date":"2016-12-18 16:00:00"},"4":{"home_id":"Bournemouth (BOU)_t91","away_id":"Aston Villa (AVL)_t7","type":"REG","season_scheduled_date":"2016-12-18 19:00:00"},"5":{"home_id":null,"away_id":null,"type":null,"season_scheduled_date":null},"6":{"home_id":"Bournemouth (BOU)_t91","away_id":"Chelsea (CHE)_t8","type":"REG","season_scheduled_date":"2016-12-19 16:00:00"},"7":{"home_id":"Bournemouth (BOU)_t91","away_id":"Crystal Palace (CRY)_t31","type":"REG","season_scheduled_date":"2016-12-19 19:00:00"},"8":{"home_id":null,"away_id":null,"type":null,"season_scheduled_date":null}}